{
    "ss_moulinon/sec2": {
        "StartSpline": 0.67097407579422, 
        "TrueLength": 13596.064506104449, 
        "FinishSpline": 1.0
    }, 
    "ss_moulinon/sec1": {
        "StartSpline": 0.4545869827270508, 
        "TrueLength": 0, 
        "FinishSpline": 0
    }, 
    "ermitasantantoni": {
        "StartSpline": 0.044445209205150604, 
        "TrueLength": 0, 
        "FinishSpline": 0
    }, 
    "pico_veleta_bajada": {
        "StartSpline": 0.07299727201461792, 
        "TrueLength": 11745.289844377956, 
        "FinishSpline": 0.8946975469589233
    }, 
    "ss_bollene_1.0/original": {
        "StartSpline": 0.00012026260083075613, 
        "TrueLength": 0, 
        "FinishSpline": 0
    }, 
    "amalfi_coast_powerstage": {
        "StartSpline": 0.0037944898940622807, 
        "TrueLength": 3305.583061759584, 
        "FinishSpline": 0.9061365127563477
    }, 
    "nd_de_la_serra/nd_tdc2019": {
        "StartSpline": 0.33990874886512756, 
        "TrueLength": 20023.149752174155, 
        "FinishSpline": 0.9644033908843994
    }, 
    "nd_de_la_serra/nd_balagne_2019": {
        "StartSpline": 0.03640534728765488, 
        "TrueLength": 28502.853166907415, 
        "FinishSpline": 0.9253703355789185
    }, 
    "ss_cabanette_1.1/down": {
        "StartSpline": 0.00021264096722006798, 
        "TrueLength": 0, 
        "FinishSpline": 0
    }, 
    "snowrally": {
        "StartSpline": 0.0013834229903295636, 
        "TrueLength": 0, 
        "FinishSpline": 0
    }, 
    "rallycatalunya_colldelateixeta/teixeta_powerstagerev": {
        "StartSpline": 0.040519677102565765, 
        "TrueLength": 0, 
        "FinishSpline": 0
    }, 
    "appsplinetest": {
        "StartSpline": 0.013077634386718273, 
        "TrueLength": 194.9998792626207, 
        "FinishSpline": 0.9781138300895691
    }, 
    "rallycatalunya_colldelateixeta/teixeta_rotundafwd": {
        "StartSpline": 0.12050063163042068, 
        "TrueLength": 4305.785842770616, 
        "FinishSpline": 1.0
    }, 
    "rallycatalunya_colldelateixeta/teixeta_powerstagefwd": {
        "StartSpline": 0.11897777020931244, 
        "TrueLength": 0, 
        "FinishSpline": 0
    }, 
    "ss_stlaurent/sjsl": {
        "StartSpline": 0.013989388011395931, 
        "TrueLength": 10997.197822736203, 
        "FinishSpline": 1.0
    }, 
    "serra_d_almos_og": {
        "StartSpline": 0.005244015716016293, 
        "TrueLength": 4072.963291077581, 
        "FinishSpline": 1.0
    }, 
    "g333_goodwood_hillclimb/layout_a": {
        "StartSpline": 0.023197544738650322, 
        "FinishSpline": 0.7407082915306091, 
        "TrueLength": 1887.3601680736865
    }, 
    "le_lancone": {
        "StartSpline": 0.023025963455438614, 
        "TrueLength": 0, 
        "FinishSpline": 0
    }, 
    "ss_stlaurent/slsj": {
        "StartSpline": 0.016892358660697937, 
        "TrueLength": 11007.787135320134, 
        "FinishSpline": 1.0
    }, 
    "cera_llanes_ss2": {
        "StartSpline": 0.012538873590528965, 
        "TrueLength": 0, 
        "FinishSpline": 0
    }, 
    "muracciole_vezzani": {
        "StartSpline": 0.03554230183362961, 
        "TrueLength": 0, 
        "FinishSpline": 0
    }, 
    "puech_arnal_ac": {
        "StartSpline": 0.1582193672657013, 
        "TrueLength": 3477.7369450701517, 
        "FinishSpline": 0.9936360716819763
    }, 
    "afm_castrelo": {
        "StartSpline": 0.08733592182397842, 
        "TrueLength": 4854.568337990397, 
        "FinishSpline": 0.961427628993988
    }, 
    "ermitasantantoni_reverse": {
        "StartSpline": 0.05489522963762283, 
        "TrueLength": 0, 
        "FinishSpline": 0
    }, 
    "ek_tsukuba_fruits_line_snow/inbound_idas": {
        "StartSpline": 0.00043543180800043046, 
        "TrueLength": 6628.8451189688085, 
        "FinishSpline": 0.9807828664779663
    }, 
    "simtraxx_hradek/l2_hradek1": {
        "StartSpline": 0.0020410509314388037, 
        "TrueLength": 6040.475456371559, 
        "FinishSpline": 1.0
    }, 
    "ss_bollene_1.0/reverse": {
        "StartSpline": 0.00015853822696954012, 
        "TrueLength": 0, 
        "FinishSpline": 0
    }, 
    "ss_moulinon/fordry": {
        "StartSpline": 8.306733798235655e-05, 
        "TrueLength": 0, 
        "FinishSpline": 0
    }, 
    "aspertsham/chicanes": {
        "StartSpline": 0.8812456727027893, 
        "TrueLength": 0, 
        "FinishSpline": 0
    }, 
    "nd_de_la_serra trailer": {
        "StartSpline": 0.09295141696929932, 
        "TrueLength": 5854.395550021465, 
        "FinishSpline": 0.8530493378639221
    }, 
    "thizy": {
        "StartSpline": 1e-18, 
        "TrueLength": 18810.83931629837, 
        "FinishSpline": 0.9759768843650818
    }, 
    "nd_de_la_serra/nd_tdc1985": {
        "StartSpline": 0.06327935308218002, 
        "TrueLength": 0, 
        "FinishSpline": 0
    }, 
    "ss_moulinon/bakdry": {
        "StartSpline": 5.377498746383935e-05, 
        "TrueLength": 0, 
        "FinishSpline": 0
    }, 
    "macinaggio": {
        "StartSpline": 0.021032098680734634, 
        "TrueLength": 0, 
        "FinishSpline": 0
    }, 
    "ks_brands_hatch/gp": {
        "StartSpline": 0.8181814551353455, 
        "FinishSpline": 0, 
        "TrueLength": 0
    }, 
    "afm_turini_gallego": {
        "StartSpline": 0.07222934812307358, 
        "TrueLength": 3684.9573470127143, 
        "FinishSpline": 1.0
    }
}